train/reward_max,train/reward_min,train/reward,time/time_elapsed,train/reward_mean,time/fps,time/total_timesteps,time/iterations,train/value_loss,train/explained_variance,train/entropy_loss,train/clip_fraction,train/loss,train/n_updates,train/approx_kl,train/std,train/policy_gradient_loss,train/learning_rate,train/clip_range
7.812675,-7.825831,-0.22931351,11,0.08625767,176,2048,1,,,,,,,,,,,
33.600807,-49.684063,0.67393374,23,0.13983384,174,4096,2,12.38328905403614,0.01083904504776001,-42.60142958164215,0.225048828125,5.591580390930176,10,0.020707179,1.002210259437561,-0.028717652286286467,0.00025,0.2
32.75599,-52.394085,-1.0861613,34,0.14458957,177,6144,3,72.38450219631196,0.008510947227478027,-42.657402300834654,0.108447265625,51.20862579345703,20,0.013034804,1.0038853883743286,-0.016703402016719337,0.00025,0.2
14.914614,-21.733568,5.5622587,44,0.2024228,182,8192,4,71.94725711345673,0.012527108192443848,-42.6993665933609,0.127294921875,43.79994201660156,30,0.013440074,1.004988431930542,-0.018747413301025518,0.00025,0.2
47.439762,-77.54709,2.2891757,55,0.18156105,185,10240,5,34.406724500656125,0.007265746593475342,-42.71963105201721,0.15947265625,19.2677059173584,40,0.017226703,1.0053905248641968,-0.014626988332020118,0.00025,0.2
46.260822,-70.268036,1.8166953,65,0.1928029,187,12288,6,131.7752228975296,0.005907535552978516,-42.73374183177948,0.173046875,25.956743240356445,50,0.017402396,1.0059349536895752,-0.014871164213400335,0.00025,0.2
21.17467,-17.901684,2.860085,75,0.18272686,189,14336,7,117.99999876022339,-0.016281962394714355,-42.77539710998535,0.17666015625,38.70041275024414,60,0.023011409,1.0085937976837158,-0.012428125549922698,0.00025,0.2
36.655704,-53.262188,0.6122435,85,0.10559902,190,16384,8,44.87965105772018,0.0018201470375061035,-42.85586347579956,0.218115234375,30.290414810180664,70,0.019549921,1.0107883214950562,-0.018285606033168735,0.00025,0.2
36.618366,-52.762177,0.55436635,96,0.18749228,191,18432,9,65.44456611871719,-0.002913236618041992,-42.930529308319095,0.199951171875,34.38104248046875,80,0.021293458,1.0138192176818848,-0.012090554944006727,0.00025,0.2
38.207977,-51.927128,0.59282976,106,0.29019,192,20480,10,106.49348585605621,-0.01693546772003174,-43.01403369903564,0.252099609375,34.53300476074219,90,0.027226148,1.0165657997131348,-0.019801165562239476,0.00025,0.2
11.226227,-10.261127,3.056689,116,0.15109736,192,22528,11,166.79622609615325,0.004441201686859131,-43.09686350822449,0.231298828125,54.75761032104492,100,0.024791772,1.0186398029327393,-0.014417653418786359,0.00025,0.2
38.59492,-60.66318,0.28437856,127,0.18075892,192,24576,12,23.520695519447326,0.022968709468841553,-43.15357892513275,0.292431640625,14.706830024719238,110,0.036042564,1.0211719274520874,-0.018788900403887965,0.00025,0.2
52.48142,-87.52406,-0.045952242,137,0.29347062,193,26624,13,114.52389547824859,0.004706144332885742,-43.21846778392792,0.23603515625,99.51934814453125,120,0.028631251,1.0225512981414795,-0.01878324372228235,0.00025,0.2
27.812738,-25.187166,-6.475936,147,0.2163375,193,28672,14,222.36029601097107,0.019982874393463135,-43.23889229297638,0.196142578125,114.53638458251953,130,0.020286717,1.0230814218521118,-0.010690055543091149,0.00025,0.2
50.424942,-85.17242,4.4970894,158,0.15656035,194,30720,15,87.1410502910614,0.0007526874542236328,-43.26070585250854,0.1513671875,43.935577392578125,140,0.020420037,1.0237213373184204,-0.011373806967458221,0.00025,0.2
57.251255,-96.78579,-0.07351239,168,0.24618937,194,32768,16,142.57456073760986,0.02665722370147705,-43.267702555656435,0.13681640625,80.24652099609375,150,0.013526918,1.0236166715621948,-0.014449626934947446,0.00025,0.2
51.5405,-92.81106,0.7702882,178,0.23942131,194,34816,17,183.23172569274902,0.014989376068115234,-43.27466578483582,0.051123046875,178.9846649169922,160,0.011116069,1.0242469310760498,-0.008195941663143459,0.00025,0.2
17.536882,-16.56622,0.36427134,188,0.2367646,195,36864,18,155.47646057605743,0.02557659149169922,-43.293346118927005,0.168359375,71.10928344726562,170,0.017004387,1.0251359939575195,-0.011966874758945778,0.00025,0.2
74.41768,-134.62874,-0.041176952,199,0.27558687,195,38912,19,40.207108998298644,0.13310307264328003,-43.3294802904129,0.22705078125,26.187294006347656,180,0.023662116,1.026471734046936,-0.008153695895452983,0.00025,0.2
63.80629,-114.97209,-0.26735994,210,0.314537,195,40960,20,384.11576824188234,0.033270418643951416,-43.355976176261905,0.1544921875,148.13308715820312,190,0.01322807,1.0269707441329956,-0.01316348327382002,0.00025,0.2
21.177359,-23.415995,-14.7592325,220,0.17620906,194,43008,21,277.58384189605715,0.0633399486541748,-43.384478425979616,0.140869140625,101.36460876464844,200,0.016053982,1.0286957025527954,-0.01381725926330546,0.00025,0.2
44.23893,-81.79259,2.8361797,231,0.21059966,194,45056,22,54.77209953069687,0.29932212829589844,-43.429694175720215,0.182275390625,29.62500762939453,210,0.02725066,1.0299068689346313,-0.010932511117425747,0.00025,0.2
59.734455,-106.89218,2.3264635,242,0.32226118,194,47104,23,122.6101221203804,0.19999349117279053,-43.47056934833527,0.161328125,100.65961456298828,220,0.019269835,1.0315686464309692,-0.012213980451633688,0.00025,0.2
74.832054,-133.91757,1.3591505,252,0.3407445,194,49152,24,263.7351324558258,0.12287521362304688,-43.518435978889464,0.208251953125,192.14520263671875,230,0.027396796,1.032814621925354,-0.012738407292636112,0.00025,0.2
35.96463,-64.52248,-0.3484931,263,0.15062387,194,51200,25,360.1505988121033,0.018126964569091797,-43.539354467391966,0.049609375,286.0299072265625,240,0.011388451,1.0331002473831177,-0.008072813096805475,0.00025,0.2
53.116055,-94.2874,1.2994967,274,0.2048371,194,53248,26,28.838866913318633,0.16727614402770996,-43.561980080604556,0.20009765625,15.363201141357422,250,0.021090563,1.0345046520233154,-0.01344833077455405,0.00025,0.2
60.669945,-98.691795,-1.7628696,284,0.2759568,194,55296,27,169.2338722229004,0.11349189281463623,-43.59126505851746,0.093603515625,76.95045471191406,260,0.011825537,1.0351104736328125,-0.011554180466919205,0.00025,0.2
12.778878,-21.004942,-1.5242889,294,0.1704688,194,57344,28,248.12281756401063,0.047101736068725586,-43.61248390674591,0.123779296875,49.838104248046875,270,0.017669996,1.0359870195388794,-0.012683814774936764,0.00025,0.2
48.933327,-81.05189,-0.5448547,305,0.13837121,194,59392,29,31.038262009620667,0.2732560634613037,-43.63415520191192,0.171630859375,13.758286476135254,280,0.015001588,1.03662109375,-0.013978836536989548,0.00025,0.2
48.397602,-67.387024,0.96882874,315,0.13440405,194,61440,30,139.05139491558074,0.1318637728691101,-43.66057450771332,0.125390625,38.48242950439453,290,0.011690618,1.037630558013916,-0.012897983909351752,0.00025,0.2
18.724428,-18.607681,-1.2570341,326,0.16972172,194,63488,31,166.5828251838684,0.03179347515106201,-43.68213305473328,0.113671875,94.53470611572266,300,0.016164264,1.0386497974395752,-0.009087026698398403,0.00025,0.2
42.20525,-70.6229,-1.7616758,338,0.11564956,193,65536,32,52.35403575897217,0.10968410968780518,-43.71150691509247,0.19765625,30.145706176757812,310,0.036490235,1.0396263599395752,-0.008853726708912291,0.00025,0.2
46.09564,-73.14869,-0.8060285,349,0.16290759,193,67584,33,84.54086910486221,0.17383348941802979,-43.747327709198,0.157568359375,57.430755615234375,320,0.02247471,1.0411235094070435,-0.015384065540274605,0.00025,0.2
42.647785,-65.170006,0.71826595,359,0.18973057,193,69632,34,116.28290963172913,0.15726029872894287,-43.793267893791196,0.194873046875,41.81126022338867,330,0.022005666,1.0423568487167358,-0.012066987398429773,0.00025,0.2
8.43033,-11.011106,-2.0685065,370,0.10946442,193,71680,35,102.34367578029632,0.04193282127380371,-43.82124528884888,0.171875,29.07563591003418,340,0.0150063615,1.0431187152862549,-0.015283097472274677,0.00025,0.2
38.813866,-44.0181,-4.063911,380,0.0721174,193,73728,36,31.606599426269533,-0.009265542030334473,-43.84880123138428,0.22275390625,13.097729682922363,350,0.02525323,1.0445640087127686,-0.012042065279092639,0.00025,0.2
36.49035,-59.964455,-0.16760287,391,0.13249455,193,75776,37,96.4084046125412,0.059439003467559814,-43.88494849205017,0.2283203125,20.97725486755371,360,0.018247599,1.0454305410385132,-0.011957808112492785,0.00025,0.2
16.036963,-18.253988,-8.47092,401,0.124304704,193,77824,38,116.35022101402282,0.030295729637145996,-43.906289076805116,0.2345703125,84.9665298461914,370,0.030545447,1.0463004112243652,-0.008398631667660084,0.00025,0.2
40.367947,-59.156242,-2.158708,412,0.07995438,193,79872,39,50.31752507686615,0.03411245346069336,-43.938826775550844,0.22138671875,25.352298736572266,380,0.024637068,1.047421932220459,-0.011258881537651177,0.00025,0.2
30.593342,-39.05434,-0.29862702,422,0.09018471,193,81920,40,91.37392694950104,0.007035017013549805,-43.9749614238739,0.228662109375,52.687583923339844,390,0.023030326,1.048938274383545,-0.0156640914385207,0.00025,0.2
49.313194,-63.10428,0.39676604,433,0.17436272,193,83968,41,61.36325707435608,0.03606545925140381,-44.006239604949954,0.161181640625,20.60144805908203,400,0.014960214,1.0493509769439697,-0.01572954300791025,0.00025,0.2
9.631971,-11.319861,0.48348585,444,0.12083654,193,86016,42,140.8748715400696,0.012542903423309326,-44.028643417358396,0.2939453125,40.13468933105469,410,0.028762963,1.0509912967681885,-0.01076851985999383,0.00025,0.2
56.504948,-73.174225,-1.979669,456,0.17479372,193,88064,43,24.940097814798357,0.30147784948349,-44.07524170875549,0.23447265625,17.833637237548828,420,0.023345696,1.0525591373443604,-0.01852328950772062,0.00025,0.2
48.04786,-70.4909,0.07306051,466,0.20553225,193,90112,44,142.24869389533995,0.03686928749084473,-44.10468957424164,0.264453125,74.39995574951172,430,0.035568178,1.0533064603805542,-0.000855285776196979,0.00025,0.2
17.038391,-19.194832,-3.8234653,477,0.16319852,193,92160,45,122.65188903808594,0.0844162106513977,-44.15305655002594,0.3068359375,64.87017822265625,440,0.038780898,1.0562580823898315,-0.007674883883737493,0.00025,0.2
48.24225,-79.58868,-6.0058064,487,0.18706466,193,94208,46,31.308767890930177,0.1727249026298523,-44.25711193084717,0.350244140625,17.640695571899414,450,0.028683532,1.0593105554580688,-0.011715755064506084,0.00025,0.2
57.74429,-89.94067,1.4936768,498,0.26186174,193,96256,47,115.9479406118393,0.1486300230026245,-44.324492764472964,0.31630859375,63.096134185791016,460,0.027132917,1.0618230104446411,-0.008600608468987048,0.00025,0.2
62.856136,-89.50191,18.20734,508,0.2532365,193,98304,48,198.54022698402406,0.12427109479904175,-44.39688365459442,0.3119140625,48.31925582885742,470,0.036771562,1.0653077363967896,-0.006646986911073327,0.00025,0.2
28.982244,-43.92279,-1.2787863,519,0.18370369,193,100352,49,166.1437614440918,0.09443098306655884,-44.49410429000854,0.368896484375,115.28399658203125,480,0.048746455,1.0686039924621582,-0.0006738740485161543,0.00025,0.2
58.48653,-76.784966,-0.1830447,530,0.21684574,192,102400,50,38.751083427667616,0.32180529832839966,-44.571039485931394,0.207763671875,19.506929397583008,490,0.023425305,1.0701279640197754,-0.015430837598978541,0.00025,0.2
53.94712,-87.815056,-0.5133081,541,0.28073958,192,104448,51,139.28208949565888,0.07363539934158325,-44.60405352115631,0.191015625,55.31526565551758,500,0.032114245,1.0707805156707764,-0.010554743325337767,0.00025,0.2
14.358101,-17.054665,2.8317719,551,0.14694014,193,106496,52,189.57817497253419,0.045866429805755615,-44.67134256362915,0.33046875,63.34037399291992,510,0.024878766,1.0741063356399536,-0.0022084178257500754,0.00025,0.2
51.50714,-79.646324,1.0104451,562,0.23822793,193,108544,53,27.265692508220674,0.447185754776001,-44.7180718421936,0.319384765625,14.416396141052246,520,0.0276047,1.0751341581344604,-0.007499955990351736,0.00025,0.2
60.163593,-92.22967,1.3329343,573,0.26367328,192,110592,54,170.3392656803131,0.19571512937545776,-44.74608781337738,0.191796875,106.10907745361328,530,0.023565615,1.076501488685608,-0.00950093125575222,0.00025,0.2
34.54338,-32.011677,4.35704,583,0.24756844,193,112640,55,213.8482771873474,0.16495609283447266,-44.77930865287781,0.228271484375,91.84893035888672,540,0.029279912,1.0770293474197388,-0.0075522945990087464,0.00025,0.2
67.35583,-111.63827,2.319342,594,0.20892917,192,114688,56,104.88287127017975,0.1730777621269226,-44.79784560203552,0.25556640625,44.867122650146484,550,0.037917994,1.078223705291748,-0.004780908458633349,0.00025,0.2
44.66485,-71.41682,0.8021981,604,0.21300507,192,116736,57,224.95175995826722,0.16155189275741577,-44.8307785987854,0.17568359375,42.006282806396484,560,0.019555336,1.0794209241867065,-0.012690090398973553,0.00025,0.2
66.22462,-114.766045,1.2361139,615,0.35655117,193,118784,58,133.45326645374297,0.2579396367073059,-44.88922340869904,0.340087890625,143.47842407226562,570,0.03794425,1.082633376121521,-0.00446526950399857,0.00025,0.2
15.64064,-12.232418,1.2449018,625,0.17660318,193,120832,59,296.79219155311586,0.06793463230133057,-44.945958614349365,0.313671875,69.96910095214844,580,0.044330437,1.0828996896743774,-0.002797458760323934,0.00025,0.2
58.24473,-93.72348,0.61894345,635,0.20975262,193,122880,60,24.400274431705476,0.4928753972053528,-44.950022673606874,0.264697265625,8.76111125946045,590,0.032256015,1.0833615064620972,-0.007222000861656852,0.00025,0.2
48.542377,-74.28897,0.7643834,646,0.23122652,193,124928,61,207.39519734382628,0.2622251510620117,-45.020591735839844,0.33046875,106.42064666748047,600,0.033608533,1.0873898267745972,0.00375517136126291,0.00025,0.2
32.154087,-31.630749,6.0273676,656,0.2252093,193,126976,62,145.8131461620331,0.10350626707077026,-45.084188389778134,0.281787109375,119.74555969238281,610,0.027582625,1.0885635614395142,-0.005015213118167594,0.00025,0.2
56.717976,-86.52004,4.500045,666,0.18702011,193,129024,63,79.36502945423126,0.04368996620178223,-45.12961595058441,0.375048828125,41.108795166015625,620,0.038568396,1.090654969215393,0.009022318480128888,0.00025,0.2
55.584263,-88.34605,-0.31267577,677,0.24923627,193,131072,64,173.4998029947281,0.16186809539794922,-45.182625675201415,0.289892578125,50.09991455078125,630,0.026291955,1.0926158428192139,-0.0011638641153695062,0.00025,0.2
38.143875,-61.820267,-1.2063866,687,0.20511198,193,133120,65,196.21028685569763,0.2273043394088745,-45.221793913841246,0.145068359375,131.57565307617188,640,0.020722814,1.0937973260879517,-0.0035566522463341245,0.00025,0.2
12.8047,-16.208166,1.8847071,698,0.13897537,193,135168,66,95.69178504943848,0.1149168610572815,-45.24634687900543,0.253466796875,24.700042724609375,650,0.030245688,1.0939860343933105,-0.005113097513094545,0.00025,0.2
46.97486,-72.829285,-1.9436833,708,0.22278015,193,137216,67,24.74512795805931,0.6047413945198059,-45.26003844738007,0.2669921875,10.315993309020996,660,0.02411508,1.0948104858398438,-0.004601371570606716,0.00025,0.2
45.540215,-64.772964,-0.15655223,718,0.2429015,193,139264,68,166.4420783519745,0.19303059577941895,-45.27560303211212,0.313720703125,63.23184585571289,670,0.021045098,1.0951603651046753,0.0014092290919506922,0.00025,0.2
12.346506,-18.601103,-0.10695082,728,0.18014783,193,141312,69,160.0042516231537,0.12996476888656616,-45.301923751831055,0.374951171875,77.85818481445312,680,0.07401623,1.0966910123825073,0.005132617233903148,0.00025,0.2
41.60023,-58.761692,1.7743078,742,0.14077672,193,143360,70,35.24832723140717,0.419680655002594,-45.344925832748416,0.261328125,12.852871894836426,690,0.024629833,1.0981484651565552,-0.012082220643060282,0.00025,0.2
45.797306,-69.20499,0.3806951,752,0.20550196,193,145408,71,111.67169399261475,0.16642343997955322,-45.403001165390016,0.263427734375,53.413047790527344,700,0.031526856,1.1014996767044067,-0.009171146855806,0.00025,0.2
25.979757,-26.781792,-26.781792,762,0.22611326,193,147456,72,169.22978649139404,0.13461631536483765,-45.47008450031281,0.260107421875,58.095855712890625,710,0.026263187,1.1033904552459717,0.00254708887077868,0.00025,0.2
51.470535,-66.6617,-1.4529978,773,0.1251934,193,149504,73,104.06993119716644,0.02138000726699829,-45.498447680473326,0.37119140625,51.33525085449219,720,0.038229775,1.1032248735427856,0.002903558533580508,0.00025,0.2
44.69928,-56.926075,-1.7809086,783,0.16607894,193,151552,74,70.42652648687363,0.1872081756591797,-45.51870312690735,0.248046875,35.66639709472656,730,0.030298918,1.105286717414856,-0.007226263714255765,0.00025,0.2
42.919685,-55.74967,2.4668624,794,0.19778858,193,153600,75,130.17271745204926,0.10631006956100464,-45.60499482154846,0.3173828125,37.660221099853516,740,0.035785098,1.109235167503357,0.0007176544371759519,0.00025,0.2
14.210069,-21.144855,-4.092858,804,0.17704707,193,155648,76,130.5041485309601,0.06553345918655396,-45.669030451774596,0.3025390625,53.03925323486328,750,0.027654206,1.109800100326538,0.0027208433297346347,0.00025,0.2
47.814793,-61.008617,2.086302,815,0.17844169,193,157696,77,37.17085503339767,0.0861615538597107,-45.68069429397583,0.42333984375,20.008886337280273,760,0.049884852,1.1108548641204834,0.0014860806084470823,0.00025,0.2
45.07985,-63.527718,3.0057814,825,0.20046812,193,159744,78,154.4445670366287,0.10019415616989136,-45.72796216011047,0.257763671875,114.81629943847656,770,0.02329434,1.1128578186035156,-0.0034606183413416146,0.00025,0.2
30.269705,-29.724226,0.617364,836,0.19991831,193,161792,79,160.72387139797212,0.05776798725128174,-45.79134247303009,0.310107421875,83.88233184814453,780,0.027746208,1.115562915802002,0.005061851171194576,0.00025,0.2
43.036034,-64.150696,-0.00051272823,846,0.16783154,193,163840,80,76.23807661533355,0.16949021816253662,-45.848300671577455,0.282470703125,27.483041763305664,790,0.028030708,1.116806149482727,0.001212873141048476,0.00025,0.2
35.949986,-49.419567,-0.12895772,857,0.16456525,193,165888,81,102.4148632645607,0.23362576961517334,-45.8797449350357,0.27216796875,63.89523696899414,800,0.0254303,1.1179659366607666,-0.0023609834810486064,0.00025,0.2
44.87318,-55.138523,-0.93255514,867,0.21247663,193,167936,82,97.7697010755539,0.2734953761100769,-45.904787039756776,0.315185546875,32.256710052490234,810,0.03370046,1.1187775135040283,-0.00017040150705724955,0.00025,0.2
12.172622,-15.970658,0.75532687,877,0.10580041,193,169984,83,136.23198461532593,0.04277205467224121,-45.93859763145447,0.346728515625,41.591182708740234,820,0.03492958,1.120585322380066,0.0025697912700707094,0.00025,0.2
35.40094,-50.076214,0.0111274,888,0.1633024,193,172032,84,22.78456242084503,0.5921404361724854,-45.954445815086366,0.319384765625,9.27423095703125,830,0.03448588,1.1203137636184692,1.607839949429035e-05,0.00025,0.2
33.28733,-38.72401,-0.2969877,898,0.14386621,193,174080,85,87.51389677524567,0.3250807523727417,-45.957148861885074,0.17587890625,27.031484603881836,840,0.017023966,1.1206860542297363,-0.006562129860685673,0.00025,0.2
26.800444,-24.82947,2.512166,909,0.17527546,193,176128,86,76.71809372901916,0.2766464352607727,-45.975114297866824,0.309814453125,63.84564971923828,850,0.037821323,1.1218942403793335,-0.0026001535676186903,0.00025,0.2
40.07779,-56.238476,1.7524332,919,0.108450614,193,178176,87,58.073465490341185,0.21101808547973633,-46.023032140731814,0.33388671875,17.149255752563477,860,0.043423336,1.124406099319458,0.0029114842385752127,0.00025,0.2
26.315577,-30.650234,-2.1592638,929,0.12293764,193,180224,88,78.0538029909134,0.3230358958244324,-46.08000421524048,0.316748046875,39.250789642333984,870,0.035543397,1.1258164644241333,-0.0047099602685193535,0.00025,0.2
29.222267,-36.716698,-0.11601048,939,0.15267247,193,182272,89,59.802241361141206,0.358734130859375,-46.10555305480957,0.19541015625,29.14208221435547,880,0.04319382,1.1263235807418823,-0.006561794268782251,0.00025,0.2
11.9538965,-11.066999,0.66488016,950,0.1166613,193,184320,90,66.04529602527619,0.024708569049835205,-46.132528281211854,0.31748046875,29.409423828125,890,0.032351673,1.1282517910003662,-0.005120635818457231,0.00025,0.2
31.00355,-36.810585,0.14106642,960,0.13534142,194,186368,91,20.620657759904862,0.5456414818763733,-46.17736203670502,0.311572265625,9.894254684448242,900,0.03950852,1.1289982795715332,0.004087628528941423,0.00025,0.2
34.36401,-38.736183,-1.3423473,970,0.15079394,194,188416,92,69.49563120603561,0.27765125036239624,-46.20085463523865,0.31171875,27.045143127441406,910,0.034064848,1.13093101978302,0.0009269507252611219,0.00025,0.2
12.426041,-19.540665,-2.4995778,980,0.1466545,194,190464,93,84.7045704126358,0.14297521114349365,-46.26546998023987,0.35712890625,72.96142578125,920,0.048760764,1.1333949565887451,0.0030520173895638436,0.00025,0.2
37.6321,-42.116013,0.34576297,991,0.14707445,194,192512,94,27.880661129951477,0.3298819065093994,-46.299938559532166,0.288037109375,13.059732437133789,930,0.022502273,1.1337339878082275,-0.005151411850238219,0.00025,0.2
40.07647,-46.29502,-0.9004251,1001,0.13610691,194,194560,95,80.43510476350784,0.1194922924041748,-46.33429057598114,0.332080078125,52.050575256347656,940,0.031691562,1.1363767385482788,-0.0003628445614594966,0.00025,0.2
17.267485,-22.991175,-0.26550177,1011,0.20393588,194,196608,96,110.06491594314575,0.16188031435012817,-46.39773187637329,0.180322265625,58.859840393066406,950,0.022759601,1.138176441192627,-0.0020412838901393117,0.00025,0.2
42.21195,-43.04379,0.07042634,1022,0.12871118,194,198656,97,50.396754026412964,0.08035165071487427,-46.43872618675232,0.26328125,29.69908905029297,960,0.02610299,1.1399531364440918,0.004260820345371031,0.00025,0.2
48.51077,-50.936928,0.19771416,1032,0.17427693,194,200704,98,66.73877532482148,0.19004136323928833,-46.54582712650299,0.38154296875,37.63661193847656,970,0.030422822,1.1452702283859253,-0.000698687786643859,0.00025,0.2
