,PPO,MinVariance,DJIA
2020-07-01,1000000.0,1000000.0,1000000.0
2020-07-02,1002730.585056683,1004237.6613507394,1003590.0049368924
2020-07-06,1018459.327660156,1013513.183617418,1021451.6892254695
2020-07-07,1005016.9362994821,1012906.4080220954,1006031.0534706049
2020-07-08,1010537.06744225,1012221.2893500037,1012912.7247737511
2020-07-09,998825.6594222444,1004829.9367171393,998877.7582182562
2020-07-10,1012956.3330311337,1012121.4908810031,1013224.4206551077
2020-07-13,1011511.3718430721,1012098.6675299376,1013632.4257824935
2020-07-14,1031084.935630729,1028570.6816695966,1035267.9298179572
2020-07-15,1039183.4883092981,1031727.1603574697,1044108.4203803721
2020-07-16,1035416.0020023125,1033211.4162823794,1038847.5373027568
2020-07-17,1035275.6673012273,1038325.0878960881,1036408.7655833712
2020-07-20,1035035.5718095208,1036111.090363165,1036755.3726177408
2020-07-21,1041795.9001518453,1038556.3559369512,1042954.3790918622
2020-07-22,1046568.7855237047,1046043.1885210164,1049382.9643439492
2020-07-23,1036140.7808623741,1041134.6376111346,1035646.4122529039
2020-07-24,1025279.8278644813,1039904.9986191875,1028557.2472707636
2020-07-27,1027810.414368544,1048284.7770776168,1033021.1694401428
2020-07-28,1021333.1802755668,1043350.6509892662,1025036.3057017882
2020-07-29,1025220.066863015,1041447.456421824,1031264.8348683489
2020-07-30,1015799.9059187359,1037271.5397794636,1022486.1218680048
2020-07-31,1017401.7731978382,1035708.4913192586,1026941.9233996178
2020-08-03,1024922.4721387171,1041503.9513560962,1036115.4360042515
2020-08-04,1028744.5648408022,1046828.7914574861,1042490.8196948993
2020-08-05,1043033.6625467831,1050332.2431507953,1056986.6134701648
2020-08-06,1048335.7777419373,1052916.0004323067,1064193.1861777639
2020-08-07,1051386.809815745,1057704.3578410184,1066000.0660276155
2020-08-10,1063241.7452695558,1060997.347018109,1079909.5042198857
2020-08-11,1060084.81536894,1055859.6090010344,1075847.7433544532
2020-08-12,1069401.8437926653,1069020.5723469858,1087113.7242193467
2020-08-13,1063366.5579083054,1071443.3440091838,1084000.4842025135
2020-08-14,1064405.7088633256,1072479.6897649318,1085333.2554156873
2020-08-17,1060559.4779483983,1079064.002148863,1081987.2490808312
2020-08-18,1058710.3904979916,1083841.5741973727,1079390.0110842912
2020-08-19,1054486.7693495178,1079489.1618981669,1076079.7507343676
2020-08-20,1055278.2709224224,1079284.3371773784,1077900.21557637
2020-08-21,1058320.1337876185,1082115.6009018875,1085306.4649004408
2020-08-24,1072014.9294365013,1088236.9576993403,1099999.734371662
2020-08-25,1075148.7048569054,1095341.2094577812,1097667.4416689656
2020-08-26,1086557.136719718,1111412.2810007865,1100911.2949343538
2020-08-27,1094817.9175097225,1117754.0717918952,1107142.1009152413
2020-08-28,1100387.2686291581,1128144.331296924,1113421.4789351036
2020-08-31,1093331.0127126195,1123415.087992115,1104724.4276752851
2020-09-01,1100850.3172681564,1129568.6903685965,1113102.4972479006
2020-09-02,1119390.140184121,1153166.2806261946,1130776.4961421278
2020-09-03,1089860.5172131704,1130050.9414744661,1099388.485618692
2020-09-04,1086754.64154445,1125498.1144773257,1093193.8050917918
2020-09-08,1062182.6170857172,1107587.230628153,1068619.4650169376
2020-09-09,1077275.5436658098,1122748.408055566,1085700.5055666214
2020-09-10,1061100.8905910505,1110359.1833734286,1069928.5573611115
2020-09-11,1066826.9695935585,1121247.487818578,1075021.2597537776
2020-09-14,1077781.6510546796,1129691.2094312804,1087754.4956647558
2020-09-15,1075950.9499199425,1132416.8733648267,1087842.684273019
2020-09-16,1077702.3590190918,1133778.293100402,1089271.9165198437
2020-09-17,1072462.3966312695,1131768.3682722298,1084204.866235261
2020-09-18,1062442.5573973474,1126969.9920593458,1074701.8227037096
2020-09-21,1043947.1247533136,1106445.9497363125,1054895.2836170685
2020-09-22,1048769.744550182,1114458.9357662923,1060354.0218596943
2020-09-23,1028779.0907723194,1105267.1549418361,1039951.8681451287
2020-09-24,1030659.9582597548,1107707.8589653983,1041984.45618859
2020-09-25,1043878.6692168413,1112483.8609277962,1055915.7517983988
2020-09-28,1060697.8234027307,1118931.0176650123,1071851.2511663928
2020-09-29,1054239.367444221,1115863.6951161902,1066745.3432506307
2020-09-30,1065983.9430941946,1126944.411767811,1079531.0217849389
2020-10-01,1066238.480163166,1126752.1816368927,1080898.8559387475
2020-10-02,1060856.2966151359,1119565.4066032136,1075688.442245379
2020-10-05,1078043.1413897623,1134042.9143325808,1093789.4956135275
2020-10-06,1063115.6348461458,1124955.5639357315,1079183.6558124602
2020-10-07,1082135.5654065262,1138559.6542827603,1099805.446215764
2020-10-08,1089877.3849657923,1136092.6067260779,1104547.9745649484
2020-10-09,1093451.2333074168,1141124.2741173015,1110819.2319470441
2020-10-12,1103846.1058187922,1145892.772016792,1120557.6980800005
2020-10-13,1096328.533614421,1141825.5253638467,1114429.5005314464
2020-10-14,1090962.0630511723,1136418.9720034674,1107986.495455289
2020-10-15,1090840.9510819588,1133936.7418139863,1107217.0840004084
2020-10-16,1094065.816915024,1137047.770896282,1111573.4646397452
2020-10-19,1078366.7920815845,1120963.4069296494,1095607.2282783375
2020-10-20,1081869.7180421057,1125754.8484698571,1100012.4845318927
2020-10-21,1078827.141835692,1123086.9666708126,1096205.6509772656
2020-10-22,1087705.7079583365,1127638.4077326208,1102144.6452552518
2020-10-23,1083207.4071627648,1129094.9292415837,1101053.1404669215
2020-10-26,1058433.359673761,1114773.0060659226,1075788.3185005204
2020-10-27,1048254.273007687,1109364.7784317029,1067154.48678518
2020-10-28,1013927.1855133751,1076330.0527286897,1030502.405644071
2020-10-29,1020466.7150077358,1077087.4009499224,1035909.8396705297
2020-10-30,1015564.2801789218,1072518.4021115648,1029789.3832906872
2020-11-02,1029998.7464846811,1085645.3018366897,1046243.692749978
2020-11-03,1048907.406775161,1097323.5335534126,1067808.8432227394
2020-11-04,1058440.1486875336,1104689.192591036,1082094.107566575
2020-11-05,1077803.8951162328,1115813.9965624837,1103175.1314196202
2020-11-06,1075882.0720053487,1120198.6764221345,1100580.2461312183
2020-11-09,1116264.0045131566,1127543.8501326165,1133009.6715277918
2020-11-10,1126844.0834569028,1144204.2563896945,1143227.2552889448
2020-11-11,1126243.462701424,1148890.3691517015,1142322.2974878012
2020-11-12,1114104.6938914044,1139258.0018978957,1129986.517464494
2020-11-13,1131754.9728921442,1151209.2817884216,1145515.6054751312
2020-11-16,1150989.2683817497,1156771.0177268186,1163803.129936655
2020-11-17,1145648.5155023255,1153615.3419438647,1157310.4144143597
2020-11-18,1131951.141256729,1140838.4570459104,1143907.263834588
2020-11-19,1134240.6648389944,1144242.8090259454,1145648.495538013
2020-11-20,1127307.8200877612,1140457.085371916,1137109.5310862947
2020-11-23,1140664.1155868764,1142149.1272779964,1149846.6375816285
2020-11-24,1159914.6173688776,1146983.393500725,1167525.721361186
2020-11-25,1153480.3269059316,1145364.0492910147,1160773.4490056203
2020-11-27,1153593.0695398096,1145795.166958329,1162246.0925122786
2020-11-30,1145119.5280337702,1142620.0152475184,1151687.3660711406
2020-12-01,1154456.314007998,1147566.0029625618,1158886.880654326
2020-12-02,1160061.2582421922,1144667.859885537,1161213.2536397723
2020-12-03,1163187.2090470605,1146691.2977498334,1164544.5365753146
2020-12-04,1173653.5507126604,1152091.3985837367,1174209.992862187
2020-12-07,1166957.5269185985,1146544.5614194765,1168440.773039179
2020-12-08,1171726.0535516494,1154216.723220181,1172485.5336909704
2020-12-09,1168303.8661034722,1155548.273818,1168402.7502399192
2020-12-10,1166754.3430848646,1147512.848818013,1165700.1716338533
2020-12-11,1169491.8444568582,1148812.420829893,1167530.730352705
2020-12-14,1159928.110258943,1142469.7234931411,1160349.1267088915
2020-12-15,1174229.9102119221,1151998.0435096063,1173473.6711088577
2020-12-16,1171548.7329915853,1146386.906859192,1171733.9572816507
2020-12-17,1175361.2832350987,1155521.8877297763,1177517.1415658637
2020-12-18,1169399.4223817908,1155129.2630805252,1172686.4246084164
2020-12-21,1167946.8608279377,1150117.1867273794,1174139.639299485
2020-12-22,1160919.200497194,1142594.7374338098,1166331.608140522
2020-12-23,1166119.9748546726,1141917.8762769704,1170773.8246799845
2020-12-24,1168155.1086435125,1144517.083592167,1173495.3767387746
2020-12-28,1176356.0621014745,1151824.7495423835,1181426.279977581
2020-12-29,1174475.9917828005,1152192.3885618618,1178772.2734104895
2020-12-30,1175558.9482566803,1150857.8180588798,1181643.4880643701
2020-12-31,1183104.0903378115,1160168.0709363334,1189295.3297605058
2021-01-04,1166769.9361600426,1147869.1055929412,1174428.794719005
2021-01-05,1174749.7726847178,1149667.1098137451,1180945.568579355
2021-01-06,1188705.7554932842,1156622.915759814,1197957.469867311
2021-01-07,1196305.6892691483,1156507.8668700187,1206184.8143314838
2021-01-08,1197907.8178143676,1159548.5984853401,1208393.4760162276
2021-01-11,1194101.906870305,1156562.1745933413,1204924.2181324733
2021-01-12,1196709.4824439934,1150575.4342872952,1207255.6760032498
2021-01-13,1197780.021788185,1147793.1899641105,1206936.3148469925
2021-01-14,1197993.1257636151,1144451.3559783692,1204257.0356408719
2021-01-15,1189740.6275153374,1144010.7340689374,1197369.1410452323
2021-01-19,1194860.3905474443,1145232.0789282196,1201886.720138916
2021-01-20,1204257.9238413866,1153184.451926893,1211906.6005226807
2021-01-21,1204925.1466569162,1150159.0020428584,1211425.889124455
2021-01-22,1195193.96104518,1149211.3928931644,1204469.234736142
2021-01-25,1193390.6693959762,1156995.536181532,1203032.2613206054
2021-01-26,1191151.969599094,1162130.9956251613,1202140.0536796926
2021-01-27,1166807.8786057667,1140198.6992362677,1177509.4003971522
2021-01-28,1179419.7850616276,1145095.897519104,1189174.0514506912
2021-01-29,1155763.8290686738,1123613.8229157077,1165053.5563650052
2021-02-01,1164711.6811069567,1123917.466222488,1173963.2620829588
2021-02-02,1182095.060076884,1130473.7332494995,1192442.7978860538
2021-02-03,1183033.9655354226,1127538.9417612553,1193846.3021309844
2021-02-04,1196941.1495598159,1133074.331316127,1206757.1295594631
2021-02-05,1201587.0954571657,1142748.792365743,1210346.8309211119
2021-02-08,1212329.681491414,1142334.4503720459,1219576.2772643773
2021-02-09,1210913.1541942996,1143659.3692891065,1219190.4331297735
2021-02-10,1210977.703818235,1142298.0575453457,1221598.4678557457
2021-02-11,1211500.3668772448,1141214.3085364252,1221322.5179593216
2021-02-12,1212870.4381113036,1142599.8879150788,1222398.9198792833
2021-02-16,1215515.6102592072,1138430.4417122505,1224899.3932669288
2021-02-17,1220142.041126338,1149963.356482929,1228407.0534189972
2021-02-18,1214613.90407918,1146694.867026295,1223756.5842624316
2021-02-19,1214256.8470896683,1133185.1342056026,1223794.6829555025
2021-02-22,1214818.696092555,1129912.921360746,1224858.1829276113
2021-02-23,1216389.2791179954,1127451.8280441398,1225466.699503389
2021-02-24,1231522.359849504,1128820.8087570872,1241962.1434081863
2021-02-25,1211094.2019329062,1121767.104772165,1220207.713771046
2021-02-26,1192925.4007867896,1099007.2798383909,1201958.591577836
2021-03-01,1216870.2410390477,1108351.7798412286,1225395.2075335232
2021-03-02,1210256.0343161838,1106340.3259940287,1219800.0881127145
2021-03-03,1205779.9352123071,1098500.5717354296,1215081.6181015847
2021-03-04,1193133.2963762667,1089101.2534901295,1201638.8509525242
2021-03-05,1216910.1713039177,1109345.2691474243,1223871.6392797527
2021-03-08,1226454.9704160849,1118623.2126725584,1235767.4628812857
2021-03-09,1228981.2003007443,1115885.3337318006,1236944.8794635523
2021-03-10,1245830.3560063958,1130847.1183760278,1254985.6731458479
2021-03-11,1250298.099211823,1128208.7172814074,1262313.0688003958
2021-03-12,1259668.8667599286,1131542.3613959218,1273700.3279751039
2021-03-15,1268417.264801327,1148340.394689242,1280493.4312009322
2021-03-16,1264076.8185615474,1150735.949776058,1275538.627862667
2021-03-17,1270278.6013188702,1155151.1925519197,1282899.1132187666
2021-03-18,1262250.2156508258,1151398.5756388167,1276951.1634710946
2021-03-19,1255990.8065321986,1147637.7362968079,1267845.6517210251
2021-03-22,1262203.7496038196,1155855.5676171887,1271856.8673083994
2021-03-23,1251049.3998979423,1154481.8111494114,1259886.8195598084
2021-03-24,1249479.4044826108,1155589.1372314752,1259766.7555509682
2021-03-25,1257347.1071547342,1157877.707400405,1267515.741325053
2021-03-26,1276340.1957264459,1175474.9398203318,1285133.7305868375
2021-03-29,1279625.6897852658,1184982.5015393412,1288960.903682785
2021-03-30,1273853.0337837867,1174176.3826165844,1284903.7723398176
2021-03-31,1270152.4748316815,1171569.2172704479,1281584.9359892625
2021-04-01,1276251.430729921,1172884.4873137602,1288255.2430290587
2021-04-05,1291212.2173764685,1188532.0929467971,1302787.2381521224
2021-04-06,1287678.736273897,1188437.8564700736,1299019.869379162
2021-04-07,1289259.437507205,1188753.0769222793,1299642.5022037665
2021-04-08,1290358.9542585802,1184802.8710278964,1301869.3784031258
2021-04-09,1299835.9761735194,1189931.8364573424,1313411.3091644433
2021-04-12,1295307.2630570023,1189857.3651957898,1311266.2464932317
2021-04-13,1292735.626863012,1185829.106312849,1308618.9185814993
2021-04-14,1292890.4623682534,1184942.3098961255,1310702.5072658837
2021-04-15,1301800.0231202897,1194645.7688544865,1322557.8794662084
2021-04-16,1308554.7526253692,1202333.9303253768,1328957.093813478
2021-04-19,1303968.7324058334,1200495.907379251,1324175.935514547
2021-04-20,1293939.6037950278,1205617.396834188,1314215.6317723368
2021-04-21,1304702.243720644,1209418.8488295595,1326494.946800336
2021-04-22,1291975.554267937,1198819.4229303098,1314005.7094913938
2021-04-23,1296771.129395039,1201427.8325834821,1322849.3117000554
2021-04-26,1293675.1127082896,1190833.6506372069,1320443.3261069776
2021-04-27,1292562.3842994433,1187494.1319824615,1320573.8634617217
2021-04-28,1285692.683632852,1176565.0228369008,1314179.809893593
2021-04-29,1293596.077829417,1182729.2216049894,1323504.8824385896
2021-04-30,1286453.734590368,1184769.172150652,1316296.488279529
2021-05-03,1295037.2461742691,1196736.726735822,1325559.3278995894
2021-05-04,1292936.6000053033,1196574.0993214129,1326328.73935447
2021-05-05,1296525.9313682218,1200115.8981733816,1330109.9208010137
2021-05-06,1308409.2496921348,1208930.5945906166,1342474.0851095964
2021-05-07,1317353.6085149322,1212762.8597387811,1351381.438119412
2021-05-10,1315984.07409639,1219678.9452133311,1350023.697842453
2021-05-11,1298425.8293043799,1207690.653028186,1331618.3861864158
2021-05-12,1275061.89456807,1190993.1809952043,1305136.9105375141
2021-05-13,1290237.0989256972,1204280.1260577436,1321992.9259378861
2021-05-14,1302801.1419299622,1210398.353029539,1336008.0842087367
2021-05-17,1300414.1394083367,1210656.675687273,1333896.566601942
2021-05-18,1290042.9268532093,1206636.1403359487,1323516.5700854678
2021-05-19,1283864.6708457407,1203551.580208482,1317119.784340147
2021-05-20,1292248.453766825,1210612.2540856174,1324429.2690553232
2021-05-21,1295295.5747279532,1208344.0622612042,1329235.6240994725
2021-05-24,1303312.0413319673,1210821.3880410194,1336468.6078532638
2021-05-25,1299840.4439853476,1206149.499462454,1333300.951974017
2021-05-26,1300755.2408159561,1205172.6872773515,1333712.4482167042
2021-05-27,1305182.5415942525,1201558.513396182,1339214.2941439198
2021-05-28,1306616.7416682628,1204812.5784565478,1341732.6025771261
2021-06-01,1307331.584021418,1195175.2402026423,1343514.5892570033
2021-06-02,1309728.259476338,1198439.3685780712,1344488.7622136858
2021-06-03,1308504.4546665717,1202593.726733733,1343581.8311734586
2021-06-04,1316404.3531898127,1208423.9102796933,1350551.0080405697
2021-06-07,1311439.2802487614,1202351.2418123998,1345649.0267946895
2021-06-08,1309850.30289024,1197570.684886851,1344467.0565837692
2021-06-09,1305405.2503590193,1198947.9238533797,1338534.2855982766
2021-06-10,1308277.2935261538,1210120.6267470063,1339276.375281234
2021-06-11,1309010.292819236,1210551.527671876,1339795.640735396
2021-06-14,1307213.8168662162,1208541.9967356282,1336459.6523835778
2021-06-15,1303745.2046085335,1204402.555961372,1332790.641989541
2021-06-16,1294078.325137396,1195912.2839126154,1322467.8694064838
2021-06-17,1286751.9159454429,1195658.0495227438,1314299.1149643243
2021-06-18,1265985.1903091567,1177933.1490008896,1293573.5777215236
2021-06-21,1286455.2298768328,1191293.5710993852,1316378.7571705421
2021-06-22,1288269.3565415004,1193394.7569397758,1319044.7549597556
2021-06-23,1284492.654788885,1187098.4025898757,1316272.657622907
2021-06-24,1296161.3206034936,1193124.7938445448,1328807.431218388
2021-06-25,1306516.9934879742,1211486.410045384,1338017.4487460635
2021-06-28,1301779.9185327622,1210727.482993438,1332166.6430763404
2021-06-29,1300012.8152675147,1209560.1370096551,1332517.120695066
2021-06-30,1308429.9794652525,1217752.882154604,1340685.8751372255
2021-07-01,1314260.0881665424,1221828.9902862879,1345776.9837598628
2021-07-02,1319330.4530297217,1230326.9604840402,1351715.21909974
2021-07-06,1310910.8888999396,1224010.6199040243,1343594.7331213113
2021-07-07,1314744.0634949603,1230353.5909959497,1347652.1680395224
2021-07-08,1306375.3062196486,1224035.340695669,1337554.6482872097
2021-07-09,1322145.3842284032,1232985.3190136272,1354971.8225253588
2021-07-12,1326519.5047252784,1233999.8204754684,1359868.6429920984
2021-07-13,1322001.0957954063,1233985.1066098455,1355695.697693701
2021-07-14,1324466.9101203075,1240706.876634491,1357422.5854668664
2021-07-15,1324612.4819695347,1241450.5729645658,1359512.7010189882
2021-07-16,1312999.2696509685,1236193.3354270873,1347887.7424285489
2021-07-19,1288042.1292272622,1222154.2624063399,1319684.387998001
2021-07-20,1305989.5246165842,1230739.2599823517,1341054.111907701
2021-07-21,1316497.4142832935,1236266.8098787894,1352167.8497879338
2021-07-22,1316151.8022802104,1238483.048902631,1353152.9514533856
2021-07-23,1322452.0214378517,1249774.1975585283,1362408.8088428432
2021-07-26,1327103.3492676807,1250700.5285104609,1365624.5813981993
2021-07-27,1324002.431092183,1252659.331248655,1362291.0216483301
2021-07-28,1319667.014787729,1244543.506919574,1357333.182557629
2021-07-29,1324520.9493212549,1247085.9940461484,1363301.7754218653
2021-07-30,1319360.2165879146,1247903.7429224271,1357509.559774155
2021-08-02,1316517.4507285752,1245192.8307013,1353728.3783276116
2021-08-03,1327043.7565326234,1253696.522596945,1364540.0588404718
2021-08-04,1314331.9433511146,1243097.585176285,1351960.811471805
2021-08-05,1324696.356109963,1249862.4374633734,1362513.694089504
2021-08-06,1327933.8787554,1249709.5323869959,1368119.3627500273
2021-08-09,1324452.468379097,1248503.513850329,1363974.8017369057
2021-08-10,1330182.0355333313,1253479.3270632084,1370301.613388579
2021-08-11,1338301.7529904433,1258289.384590531,1378861.8281073489
2021-08-12,1340761.7041698387,1261388.2055046954,1379440.138946389
2021-08-13,1341942.982528065,1266550.8873371533,1380043.4947430254
2021-08-16,1345813.9625994372,1275409.292177839,1384318.593110891
2021-08-17,1336622.875679134,1272698.1069529797,1373356.1874895883
2021-08-18,1320768.737324189,1259055.5805108538,1358489.6524480877
2021-08-19,1318237.7565758764,1262324.6850742404,1355902.8877974516
2021-08-20,1325650.7914029125,1268088.703357778,1364683.0427802028
2021-08-23,1334214.5439420477,1268470.0684284398,1373062.023078549
2021-08-24,1334823.9133711667,1261996.6526766485,1374249.1540686104
2021-08-25,1335761.2455712692,1259704.305089288,1375773.8607295444
2021-08-26,1326881.7758150522,1253137.9630334661,1368298.472143746
2021-08-27,1335224.6519355685,1254382.2429763125,1377728.429935403
2021-08-30,1334599.5890611534,1257099.0235286094,1375553.920465563
2021-08-31,1334116.1581961447,1256172.128340812,1374034.2227961482
2021-09-01,1332328.1962594606,1258150.0982155544,1372161.3153308155
2021-09-02,1338748.8781523663,1263479.1265993253,1377262.8972993565
2021-09-03,1335922.7140434694,1263917.4067688966,1374359.04830679
2021-09-07,1325334.0062234001,1246959.129816338,1363902.8544041747
2021-09-08,1322798.001883754,1248692.9398531015,1361224.4100299743
2021-09-09,1316413.944482633,1238970.3798632252,1355330.041312796
2021-09-10,1306879.0369395777,1234377.813034773,1344773.9711550393
2021-09-13,1316114.6544698214,1236799.0285722576,1354951.1794087947
2021-09-14,1304976.5691503233,1230738.6178729367,1343602.474290023
2021-09-15,1313493.796625765,1235142.6911855876,1352804.7506489868
2021-09-16,1309482.5283902604,1232799.0943135098,1350353.9877074794
2021-09-17,1303037.4147384767,1227584.0606514972,1343886.468930402
2021-09-20,1280874.965640738,1216060.2135481287,1320011.9456858353
2021-09-21,1277409.195305478,1215922.9330365092,1318044.6263197458
2021-09-22,1289843.8706828137,1221057.3847228885,1331197.1755359336
2021-09-23,1307011.5606816094,1233993.3014055677,1350878.565728404
2021-09-24,1306984.8742708236,1233727.7614424103,1352167.8497879338
2021-09-27,1309053.8017450243,1230718.7760442402,1354941.1614257563
2021-09-28,1289634.3532883667,1215729.445622121,1332816.2940976245
2021-09-29,1293617.5674063475,1222081.4565904767,1336341.8651890648
2021-09-30,1274814.1531162865,1207281.5875324043,1315094.6338901536
2021-10-01,1293991.7017707888,1220901.2539538317,1333844.9588105315
2021-10-04,1284331.1161129759,1217352.1298771347,1321272.9972477108
2021-10-05,1294564.5495320284,1223060.912806778,1333386.8637679531
2021-10-06,1297086.883092912,1228179.0351743489,1337362.6369456383
2021-10-07,1308323.5157372511,1236854.2191779274,1350494.6948328838
2021-10-08,1307352.046222386,1231661.4723452865,1350156.967374389
2021-10-11,1298330.3522635147,1225957.6772912238,1340435.1219860197
2021-10-12,1291484.5378955307,1220892.706896185,1335860.8502155952
2021-10-13,1291090.846356276,1223114.6447888312,1335840.2070990312
2021-10-14,1307810.665169052,1236407.227309356,1356619.3253723255
2021-10-15,1317945.9194392285,1243057.1397327764,1371470.8334392684
2021-10-18,1313397.5342467416,1239389.2937747608,1370066.0389995526
2021-10-19,1322591.5773474532,1249840.5125879045,1377787.019957416
2021-10-20,1330252.3956549736,1255886.3945463332,1383694.5941976905
2021-10-21,1327229.514206056,1257624.0652124062,1383451.2786399527
2021-10-22,1323446.1996911648,1256931.411110631,1386324.4665329163
2021-10-25,1324465.5657264688,1259835.3284168257,1388816.3639199305
2021-10-26,1324540.3305708948,1264193.4811427942,1389427.6126729003
2021-10-27,1317362.9883900834,1261621.501239914,1379084.196973279
2021-10-28,1329053.4192819912,1276020.4982842142,1388401.8319248075
2021-10-29,1331950.984686678,1282346.7960117976,1391863.1968522284
