,PPO,MVO,DJIA
2020-07-01,1000000.0,1001525.9552895775,1000000.0
2020-07-02,1000097.7386645317,1004120.9779849014,1000000.0
2020-07-06,1000915.3128960686,1022185.8127248519,1021449.3879930056
2020-07-07,998861.0082392195,1012400.624370635,1006030.6671361958
2020-07-08,999363.3131784324,1027187.8675952273,1012912.4064989315
2020-07-09,996261.3402671814,1022886.9999446424,998877.0005585778
2020-07-10,997067.6320047457,1024615.9142971991,1013223.2671944823
2020-07-13,1000028.8225309758,1017482.6795889467,1013631.2718573925
2020-07-14,1005887.4858676571,1038973.9296148622,1035267.130731494
2020-07-15,1005426.9383091739,1041181.7693815044,1044107.2317612201
2020-07-16,1005543.5398371092,1033542.3521180752,1038845.8993102778
2020-07-17,1005458.159312161,1036278.8314703162,1036405.6883864388
2020-07-20,1003376.9259539916,1050910.3679235869,1036755.4066689333
2020-07-21,1006529.3411470876,1043859.8374177399,1042953.1917864776
2020-07-22,1008366.2332621656,1050713.7526260323,1049380.2518457354
2020-07-23,1002472.9996228415,1025016.7581761564,1035644.0948610841
2020-07-24,997721.879284455,1022261.7923571169,1028556.4558237807
2020-07-27,996959.2491834685,1035008.2342044434,1033021.2077423742
2020-07-28,997332.1085918891,1026243.8125922963,1025035.9736254129
2020-07-29,1001683.226208844,1040073.9320831744,1031264.7992762773
2020-07-30,995951.3012899787,1041250.2731726218,1022482.9846269672
2020-07-31,992116.6304244087,1079884.562498189,1026939.9953856615
2020-08-03,996694.2691560142,1098703.3182349438,1036114.2564843597
2020-08-04,998653.5303333099,1103081.0868188185,1042490.7713231009
2020-08-05,1013521.363162381,1111507.1183375218,1056984.651253157
2020-08-06,1016023.7363116272,1134770.956784491,1064192.7336312416
2020-08-07,1018930.6005353859,1121626.3689916565,1065999.6114241306
2020-08-10,1028475.2856029785,1129331.8861114928,1079906.7569700798
2020-08-11,1019932.1545810669,1111113.7828803952,1075846.139134447
2020-08-12,1034918.2890163582,1137230.7789505715,1087110.9687682146
2020-08-13,1027603.5948606347,1145588.3647139473,1083998.4153390324
2020-08-14,1033798.9818293427,1143898.4000181765,1085331.2609286963
2020-08-17,1026123.085252179,1151317.8773720495,1081985.6378715758
2020-08-18,1018156.5106465461,1154121.9515756802,1079389.9207062367
2020-08-19,1013623.9702638633,1153919.8564185803,1076079.2846561102
2020-08-20,1009752.8758962486,1167228.0455833613,1077897.7741888477
2020-08-21,1011227.0342229661,1193548.7645563856,1085304.0909753256
2020-08-24,1008970.9978631409,1202271.3482021014,1100000.0
2020-08-25,1019252.0660876397,1204525.2198211167,1097664.6742034196
2020-08-26,1020607.005781575,1243142.743521938,1100909.282713231
2020-08-27,1029360.2298731735,1239285.766482363,1107142.0548377696
2020-08-28,1035985.0351780289,1239428.7083786917,1113421.425709151
2020-08-31,1030289.8704598434,1252144.2117504196,1104721.196813678
2020-09-01,1032758.8974263656,1279572.1871791857,1113102.7479599766
2020-09-02,1052789.9958683364,1275233.3123080526,1130775.2088595298
2020-09-03,1027947.9219972047,1205189.8728431154,1099386.0197687976
2020-09-04,1018092.2071775482,1190761.2971373252,1093192.1811249272
2020-09-08,992425.5911725167,1142279.1746403791,1068618.627962891
2020-09-09,1009592.4464260644,1178744.1544504429,1085700.4080046627
2020-09-10,988140.3204243287,1151292.5916316414,1069928.098285409
2020-09-11,985466.8702197655,1144132.8717930582,1075018.4421750535
2020-09-14,1004082.9121327103,1170098.536637031,1087752.1189527882
2020-09-15,1003944.4250784233,1177692.3566514708,1087841.4458665242
2020-09-16,1001997.7916875465,1158430.272849095,1089271.4354235479
2020-09-17,996221.8993316925,1145723.1246521457,1084204.3909073246
2020-09-18,996741.3922275589,1125464.276048208,1074699.8403196037
2020-09-21,977036.9713035362,1129985.1730190462,1054894.082718088
2020-09-22,972590.240672593,1140231.6942736222,1060353.5736836994
2020-09-23,954208.095254567,1103421.2660441594,1039949.4699582282
2020-09-24,955728.9826928185,1108963.8766476659,1041981.7521128814
2020-09-25,982220.61912016,1137602.919408016,1055916.0676122012
2020-09-28,991139.845170079,1156570.6390473838,1055916.0676122012
2020-09-29,990312.8792636155,1152431.322105554,1066745.6467359627
2020-09-30,1010021.5608620918,1170754.9344091117,1079529.7928404897
2020-10-01,1014452.4679568261,1179317.2242929107,1079529.7928404897
2020-10-02,1004740.463584069,1159166.6747182908,1075686.8382067224
2020-10-05,1023666.2462187012,1183041.1287654487,1093786.6566689333
2020-10-06,1010808.116807023,1158838.0736893322,1079184.021031669
2020-10-07,1037358.5074869812,1183145.6048580548,1099805.7120652806
2020-10-08,1039098.9544416665,1184417.9473722894,1104546.3376724306
2020-10-09,1054964.0322083824,1203042.474793606,1110817.967383913
2020-10-12,1065658.9540713928,1237216.539917152,1120555.663493297
2020-10-13,1066058.3722954758,1225886.832157642,1114427.8523897415
2020-10-14,1044273.3240167397,1214586.7577036954,1107985.2341169615
2020-10-15,1046266.3321156662,1210186.9249476928,1107215.8235379832
2020-10-16,1055947.401592591,1206801.7990881796,1111571.8197493686
2020-10-19,1037475.3368404206,1182913.1561280852,1095605.2220953954
2020-10-20,1038380.003456231,1191816.2187285717,1100011.687633573
2020-10-21,1036653.0382310303,1187385.1321143743,1096203.6441130757
2020-10-22,1041588.2012891015,1179036.0213476084,1102144.9084418106
2020-10-23,1047030.1300335396,1180721.0270425645,1101053.0254274337
2020-10-26,1020753.9422537774,1162334.4609566783,1075787.8527540315
2020-10-27,1020550.1218572892,1170531.6844569545,1067153.6513988732
2020-10-28,980437.2175971344,1121584.848595411,1067153.6513988732
2020-10-29,975421.2355218629,1139234.0925613602,1035908.2809160675
2020-10-30,972433.7404015206,1105802.0067542489,1029788.210972411
2020-11-02,987024.3210720567,1114400.748402813,1046244.3990431319
2020-11-03,1010665.1180202148,1137025.9704009446,1067806.4892170196
2020-11-04,1082190.656123925,1188928.1414557684,1082094.3935787836
2020-11-05,1095625.0491695146,1216965.3435983078,1103174.634495823
2020-11-06,1083437.4278269394,1212389.8604013743,1100578.9932242082
2020-11-09,1095034.5176892823,1200734.5915445397,1133009.5201088013
2020-11-10,1091188.4719230966,1199049.3994552537,1143225.1948950845
2020-11-11,1095596.4613884706,1218313.8698088569,1142319.7827618031
2020-11-12,1093346.4048423776,1211757.111250541,1129986.3694870798
2020-11-13,1100735.78843657,1215270.445376382,1145513.9219448222
2020-11-16,1108055.7973245515,1224082.073893635,1163800.2871818535
2020-11-17,1100572.2150071724,1212912.6019122687,1157311.0701622304
2020-11-18,1084218.9941360215,1199088.2900909986,1143905.2026666019
2020-11-19,1079076.1173795364,1202440.9785971013,1143905.2026666019
2020-11-20,1068591.4807651031,1188805.1190821356,1137108.9955313776
2020-11-23,1071422.403085576,1178759.040239219,1149846.5428890616
2020-11-24,1082746.555210797,1189743.8936732789,1167522.7984748397
2020-11-25,1067735.2148701372,1186931.6650297423,1160773.2659801827
2020-11-27,1076305.5242754526,1194010.0141425512,1162245.9837040994
2020-11-30,1069390.5549127816,1202972.0760956334,1151684.461215271
2020-12-01,1079613.1416446427,1218921.566572075,1151684.461215271
2020-12-02,1077003.176898072,1209801.6952184828,1161212.3870701378
2020-12-03,1079919.8034711655,1205559.4925977585,1164542.451913736
2020-12-04,1089899.6675487985,1206118.1765210542,1174210.2499028558
2020-12-07,1084479.823522809,1211008.442546885,1168439.898241694
2020-12-08,1087363.2277815712,1213427.0153724893,1168439.898241694
2020-12-09,1072425.4513736276,1197512.527503154,1168401.0406547503
2020-12-10,1067810.8300949486,1199908.4252862416,1165700.4383621528
2020-12-11,1063644.0115457582,1194443.5956053932,1167530.6155284632
2020-12-14,1060537.7018773088,1192681.0639951043,1167530.6155284632
2020-12-15,1068917.185760354,1221879.517031258,1173471.9557509227
2020-12-16,1075401.0317509545,1225546.3886109672,1171731.1054983486
2020-12-17,1080446.65994423,1237214.6476322142,1177517.0153730328
2020-12-18,1072870.1721000373,1224846.013749658,1172683.116378473
2020-12-21,1070487.5832797517,1229511.7977084552,1174140.2758888672
2020-12-22,1072111.3112130936,1243440.4040699117,1166329.9009131533
2020-12-23,1071966.8965611008,1237884.4736356172,1170771.3534583254
2020-12-24,1077820.987511052,1246692.296463162,1173495.2551243443
2020-12-28,1087922.4060434387,1270208.7203187018,1181426.0734408393
2020-12-29,1088426.9878737458,1260907.9930542144,1178772.0698950845
2020-12-30,1082498.5667582443,1256527.525109662,1181643.66074898
2020-12-31,1092737.4536978272,1255852.9064369984,1189294.7347969692
2021-01-04,1080313.1226914567,1237436.4616736637,1174427.8372109965
2021-01-05,1076688.4381054582,1241752.9012307888,1180944.2241839906
2021-01-06,1089306.5683722352,1226622.474273964,1197956.1061054985
2021-01-07,1106230.5443791666,1249366.023187616,1206182.2269040216
2021-01-08,1108711.5487045525,1258971.55243913,1208393.2387798717
2021-01-11,1098001.006841672,1242652.442010443,1204923.225908296
2021-01-12,1093239.7853305633,1239675.0292176348,1207254.6811249272
2021-01-13,1099301.1403910683,1247200.8763677594,1206936.0792694774
2021-01-14,1090973.4184324502,1224606.7239472044,1204254.9057703519
2021-01-15,1087128.0623291482,1222278.5689499064,1197369.371721391
2021-01-19,1097647.1823536386,1226201.7273867042,1201884.5929667768
2021-01-20,1113927.9131728716,1251987.3578750298,1211905.9798183406
2021-01-21,1124465.974907563,1276887.317959617,1211424.1305614922
2021-01-22,1112433.001195359,1286064.1351618154,1204468.6224985428
2021-01-25,1115997.9959923867,1303171.9301324869,1203030.8917816204
2021-01-26,1110044.270908906,1301407.357813566,1202137.167281912
2021-01-27,1092481.5166617136,1279139.4510279133,1177509.1983194093
2021-01-28,1110274.3769264764,1269082.015562103,1189174.291456188
2021-01-29,1089613.2075765925,1233890.0498814227,1165051.4711239557
2021-02-01,1105573.6271954353,1249421.4878235105,1173961.5461676705
2021-02-02,1118792.0276988077,1262673.9542463399,1192442.199339421
2021-02-03,1122115.041093255,1259822.307714848,1193844.9430493491
2021-02-04,1121743.0384015702,1280747.5425713768,1206757.3495482807
2021-02-05,1118319.9659474075,1276792.302718058,1210343.8592869632
2021-02-08,1121402.7979508142,1277009.9866626225,1219576.4826598018
2021-02-09,1126231.733430585,1272178.1617836682,1219187.9067903634
2021-02-10,1128328.8069754457,1272762.8862720588,1221597.0771808822
2021-02-11,1135743.980631978,1275979.386541912,1221321.1275986012
2021-02-12,1132311.1770305221,1274204.3983216104,1222397.5282931805
2021-02-16,1135025.259618165,1263601.944927166,1224896.0255974354
2021-02-17,1138599.8647247818,1259111.8580477065,1228404.8960559547
2021-02-18,1137748.2245488595,1257912.8239302984,1223753.6732562657
2021-02-19,1130658.3245290841,1249593.7373239691,1223792.5308432097
2021-02-22,1118976.8925985459,1230408.6883488153,1224857.1680104916
2021-02-23,1116707.6165456208,1223630.5302188087,1225467.2776617447
2021-02-24,1129501.5058164566,1224688.3863744065,1241962.3233194093
2021-02-25,1103424.8920160797,1191278.0824156175,1220205.9452108026
2021-02-26,1097650.6001068696,1189745.7246126046,1201958.437560715
2021-03-01,1116091.6211288613,1225368.932218785,1225393.4330678065
2021-03-02,1104774.0231828468,1209967.9555781768,1219797.9405478921
2021-03-03,1087282.8613215035,1188374.0568875864,1215080.6143141638
2021-03-04,1082917.767713105,1172538.7357813702,1201635.8892315913
2021-03-05,1113858.6953901986,1193042.5724852348,1223870.2460170973
2021-03-08,1108329.4817409448,1179324.211273571,1235764.5382018653
2021-03-09,1125027.3783525934,1208072.965841668,1236941.8775500292
2021-03-10,1122823.1893848046,1206696.9139375289,1254983.485525549
2021-03-11,1137819.1707768335,1223938.3472108375,1262312.0112444141
2021-03-12,1136489.9965000236,1222318.319867735,1273697.360112687
2021-03-15,1134760.1700920723,1237307.4290124062,1280493.491354187
2021-03-16,1141089.3707630052,1249682.116903196,1275535.202545172
2021-03-17,1139259.052740483,1241416.3712903943,1282898.7152710317
2021-03-18,1127137.4514907426,1226413.2825850402,1276949.7097823974
2021-03-19,1125586.019592244,1221934.9059436554,1267845.3468039634
2021-03-22,1140495.00845551,1240037.9577450245,1271855.419419079
2021-03-23,1140474.6285589952,1238613.069526888,1259887.282640373
2021-03-24,1133868.2816055573,1228736.5481563266,1259766.839299592
2021-03-25,1128664.1864634217,1232038.7336348067,1267515.0573149407
2021-03-26,1147787.9940947464,1249540.8283820285,1285133.0265203032
2021-03-29,1148160.9067040756,1251385.3943094104,1288960.4988342724
2021-03-30,1136800.9839035464,1241629.1112931387,1284903.827472314
2021-03-31,1142335.1859829035,1252258.8242431423,1281585.4502622888
2021-04-01,1159988.8720470285,1263930.0676369402,1281585.4502622888
2021-04-05,1180326.7370668496,1287802.4633588847,1302786.0586263842
2021-04-06,1174145.3630530862,1284676.7038906657,1299016.8726928309
2021-04-07,1180345.3299112062,1292009.4057657905,1299642.5405576064
2021-04-08,1188965.8395486344,1307002.4883861907,1301869.110646979
2021-04-09,1209606.2608622483,1332610.582548837,1313409.8139693025
2021-04-12,1204182.2099524355,1324714.3170348764,1311264.753740043
2021-04-13,1211395.504865201,1338500.360505422,1308618.643141636
2021-04-14,1204577.692822896,1326977.9041512795,1310701.3187293569
2021-04-15,1225503.4746712542,1352886.4839059622,1322556.8292209054
2021-04-16,1229107.9161477555,1356331.8747368301,1328956.6434330677
2021-04-19,1220716.5029474993,1355955.913749858,1324173.3655527493
2021-04-20,1220047.705758458,1346529.8863518268,1314214.1356615503
2021-04-21,1231130.6290046738,1355736.9781449898,1326493.1331358072
2021-04-22,1220729.783373395,1344036.7703260386,1314004.2136195842
2021-04-23,1230455.288547475,1361500.6113132227,1322848.2611229843
2021-04-26,1229764.2804718674,1358960.989326812,1320443.0372061396
2021-04-27,1227081.1931026469,1356647.6528238514,1320571.1458130952
2021-04-28,1214118.4842686623,1354613.1116869326,1314179.0727608316
2021-04-29,1215214.5153260087,1363152.1076692778,1323504.8936273556
2021-04-30,1207179.7388033266,1347704.2909011578,1316296.8112492715
2021-05-03,1206915.128861554,1357379.1452207789,1325556.604575481
2021-05-04,1196866.877407773,1338290.3147400348,1326326.0151544588
2021-05-05,1194708.4703102617,1336083.716776487,1330106.8887215855
2021-05-06,1207268.7097512789,1352256.3825523672,1342471.342529629
2021-05-07,1213875.9725876434,1358364.955280622,1351381.4175733437
2021-05-10,1201494.4060131921,1340591.5218975565,1350021.402030309
2021-05-11,1188840.442165841,1323634.7184983813,1331618.3881387215
2021-05-12,1161253.9805842866,1288486.670081249,1305136.9426364873
2021-05-13,1177475.2231876573,1310309.8745523372,1321989.4477365455
2021-05-14,1198913.3550466013,1325954.5526443403,1336005.5007771517
2021-05-17,1189055.1050119486,1315182.572946728,1333895.503448611
2021-05-18,1180298.7318893594,1305941.173791178,1323516.5812609287
2021-05-19,1187313.473289872,1305563.6084693174,1317116.7670487661
2021-05-20,1199150.942452012,1320512.2766243909,1324425.9398678842
2021-05-21,1197114.1923369148,1313445.6506241271,1329232.5930153488
2021-05-24,1213739.9233812876,1324523.3608296644,1336467.845346804
2021-05-25,1214496.2311585397,1326657.136754041,1333300.95201088
2021-05-26,1216559.6433163767,1326426.931241644,1333712.9031474646
2021-05-27,1211459.3041557015,1318423.5943627877,1339211.2517000195
2021-05-28,1222433.6422214287,1321417.3614709754,1341729.1019040218
2021-06-01,1215770.9744405374,1313414.6624720152,1343512.756217214
2021-06-02,1214126.6826505517,1316497.22351073,1344487.9905770354
2021-06-03,1207871.6808596428,1306457.1436790563,1343578.7837575285
2021-06-04,1224173.4360768595,1320485.8606858077,1350549.7741402758
2021-06-07,1226334.0060947884,1318919.991259683,1345645.9770254516
2021-06-08,1222916.9882496346,1323363.5447631006,1344464.767097338
2021-06-09,1221784.962527131,1321964.8703214645,1338531.243928502
2021-06-10,1232038.0601109017,1322720.070757669,1339273.3327666603
2021-06-11,1233922.5292767037,1329122.9771584172,1339794.1155041773
2021-06-14,1243329.1968105782,1344065.0060949689,1336456.157713231
2021-06-15,1239211.9106548775,1335851.1204914285,1332788.062220711
2021-06-16,1232417.4646477823,1330590.4745337244,1322467.4264134448
2021-06-17,1236938.1110111512,1341390.701799478,1314295.645521663
2021-06-18,1222084.7833793,1329854.8269563685,1293573.0158344668
2021-06-21,1240747.4455484857,1350373.6933694591,1316378.472896833
2021-06-22,1245635.4312075127,1363194.164005556,1316378.472896833
2021-06-23,1241923.4479591874,1358066.5004298487,1316378.472896833
2021-06-24,1251619.8107419137,1361008.3815167309,1316378.472896833
2021-06-25,1250994.222767804,1363764.7698905705,1316378.472896833
2021-06-28,1257668.8403208056,1369291.3323173742,1316378.472896833
2021-06-29,1262361.214180932,1379985.1345876604,1332516.0591121041
2021-06-30,1261006.4919917115,1381897.6671548937,1340683.8935302116
2021-07-01,1267791.26979704,1389064.8465332342,1345774.2374198562
2021-07-02,1286297.9330697756,1408891.8418106702,1351711.7070623664
2021-07-06,1288208.9288279542,1416632.8950609155,1343594.2660773266
2021-07-07,1294273.615303006,1431454.018985469,1347651.089226734
2021-07-08,1280080.2160115938,1416638.6270423378,1337551.9113075577
2021-07-09,1289061.8016340912,1429584.8676436993,1354971.797891976
2021-07-12,1289281.7036919831,1427112.9805100448,1359867.853846901
2021-07-13,1297734.5855436372,1433816.4612957374,1355694.6097241112
2021-07-14,1300346.3654899148,1450641.9650046295,1357419.8258694385
2021-07-15,1295388.2436683206,1452698.2641304529,1359510.3944045075
2021-07-16,1294127.8677786607,1442887.4173976036,1347888.029434622
2021-07-19,1272222.924603734,1412116.9152851999,1319681.3677870606
2021-07-20,1283700.1064128694,1438233.365691204,1341053.0406061783
2021-07-21,1293310.8561263476,1438923.5859906778,1352166.3104721198
2021-07-22,1304085.5408788498,1449871.334274366,1353149.437779289
2021-07-23,1310380.482814061,1467739.799621676,1362409.2311054983
2021-07-26,1309305.6223068056,1466540.1444644572,1365622.723188265
2021-07-27,1300250.3807095308,1452822.193823303,1362288.7118709928
2021-07-28,1293302.471301137,1438231.6359523889,1357330.4230619778
2021-07-29,1298850.21003378,1444823.565476836,1363299.0091315329
2021-07-30,1293296.2885136232,1443963.3197736791,1357509.2286768993
2021-08-02,1292816.4746891297,1438015.3201516392,1353728.3551097726
2021-08-03,1302439.7501050308,1451422.9761265414,1353728.3551097726
2021-08-04,1302006.4300216646,1449112.1992207477,1351960.3349038274
2021-08-05,1312658.4061680078,1453109.4549322517,1362514.116232757
2021-08-06,1316902.9664147997,1450256.5700834887,1368117.3499125706
2021-08-09,1312595.6857720192,1445170.5572080237,1363971.2757431513
2021-08-10,1304247.48580449,1441272.250400884,1370301.115941325
2021-08-11,1306140.133781293,1442415.1885608179,1378861.472702545
2021-08-12,1316969.292748555,1452943.1555279535,1379436.595346804
2021-08-13,1326516.4464178667,1456194.2962463892,1379436.595346804
2021-08-16,1332481.291797597,1472750.5577845112,1384317.0171944823
2021-08-17,1328783.014318898,1457119.1527789398,1373355.3829900913
2021-08-18,1324760.710093068,1439074.4552466902,1358488.4095103943
2021-08-19,1342579.2017969864,1449089.075264718,1355900.5852924034
2021-08-20,1363970.1378573007,1464603.3948889994,1364682.3999417138
2021-08-23,1367872.41209842,1471644.7235879472,1373060.0046143385
2021-08-24,1363757.4053861399,1467109.5587561175,1374249.1074897998
2021-08-25,1366157.5808591316,1458405.403672161,1375772.294540509
2021-08-26,1360768.0065861826,1452508.1428020452,1368296.1555274918
2021-08-27,1366260.051156308,1460614.0364271328,1377726.8615212745
2021-08-30,1369385.781037858,1481435.4590396318,1375550.836652419
2021-08-31,1366258.1995571642,1472464.3148646064,1374031.4442879346
2021-09-01,1367896.3649364975,1477199.2001717458,1372158.5389547308
2021-09-02,1365028.5307730187,1482067.326597963,1377260.5704779483
2021-09-03,1365561.085258889,1488567.8764852118,1374357.9390907325
2021-09-07,1360124.6279632654,1496279.5436791433,1363901.3017291627
2021-09-08,1357047.0393242273,1489969.5134876396,1363901.3017291627
2021-09-09,1348427.2934341554,1482637.7219656839,1355329.2573343697
2021-09-10,1336450.641316369,1453203.9421335135,1344771.6813192149
2021-09-13,1344487.7644275483,1462481.5765592114,1354948.5744122788
2021-09-14,1345301.3903760042,1453233.8130437813,1343602.1590246744
2021-09-15,1361914.0090441369,1462300.3616385295,1352803.5141830193
2021-09-16,1365291.1733028688,1465924.6872643197,1350351.6915193317
2021-09-17,1353307.7612273225,1452487.7945985028,1343885.6979794053
2021-09-20,1329718.8962094353,1428425.4286350473,1320011.6572760832
2021-09-21,1331575.7536007431,1432920.8804424845,1318041.6079755197
2021-09-22,1344411.7483785753,1445992.2407716913,1331194.9011560131
2021-09-23,1369104.786601842,1462603.4690639523,1350876.2689430735
2021-09-24,1377349.3438680773,1469763.980159604,1352166.3104721198
2021-09-27,1360405.1404531603,1460291.2316819574,1354940.681464931
2021-09-28,1322704.378146947,1427256.409924775,1332815.232174082
2021-09-29,1323676.5970266466,1434725.5170575841,1336339.5849523994
2021-09-30,1312116.6539724474,1414052.946522674,1315092.226054012
2021-10-01,1335072.7695425157,1430291.1646278086,1333844.958228094
2021-10-04,1314029.4749792223,1402493.8029949334,1321270.5823780843
2021-10-05,1332879.0315435533,1417844.2267573816,1333386.4083446667
2021-10-06,1347564.3032491808,1426995.4279854505,1337361.5698465125
2021-10-07,1356616.4466589098,1446587.7065549097,1350491.4877598602
2021-10-08,1354963.798961461,1442999.4817885207,1350153.4571109384
2021-10-11,1351206.4967001085,1439774.7427778072,1340435.265688751
2021-10-12,1351752.5717894335,1435513.3466503546,1335857.8115892755
2021-10-13,1362305.3665152558,1435731.6280898452,1335838.3827958032
2021-10-14,1388566.4218808564,1466856.5292476022,1356619.4506508647
2021-10-15,1395551.629537381,1485887.3400084265,1371470.7900233145
2021-10-18,1398178.482184514,1495696.0312013775,1370064.1757334368
2021-10-19,1405914.456099904,1509901.7041008098,1377785.1479016903
2021-10-20,1410308.1887621048,1514673.8274439066,1383691.5011171557
2021-10-21,1420585.127269185,1524348.6361005958,1383450.6144355936
2021-10-22,1420240.9236474924,1527207.9560385668,1386322.1293957646
2021-10-25,1416634.4719916543,1533933.1650801925,1388812.9614338449
2021-10-26,1420238.070057847,1537065.8212243773,1389426.7898775986
2021-10-27,1445407.1202382974,1528607.5225247848,1379082.9305906354
2021-10-28,1445407.1202382974,1528607.5225247848,1388401.0102972605
